# mutation-provenance.tsv — WHICH CASES HAVE EVER BEEN KILLED, and by what.
# (your-org/nexus-code#1510)
#
# A mutation round establishes that the cases PRESENT AT THE TIME can fail. Cases
# added afterwards inherit that credential without earning it, and nothing in a
# suite's output distinguishes them: a case that survived ten mutants and a case
# that has never met one both print `PASS`. This ledger is what tells them apart.
#
# WRITTEN ONLY BY `monitor/mutation-gate.sh --record <this file>` — one row per
# case that FLIPPED in a subject-mutation round (and one row, against case `-`,
# for a round that flipped nothing). Never hand-edited: a hand-written kill is a
# claim, and this file exists because claims were all there was.
# READ BY `monitor/mutation-gate.sh --provenance <this file> --suite <suite>`,
# which prints each CURRENT case as GUARDED (killed at the current suite and
# subject blobs), GUARDED-STALE (killed once; one of them has changed since) or
# NEVER-KILLED. Blobs are `git hash-object` of the working-tree file at the time
# of the round, so a row is checkable against any tree: `git cat-file -e <blob>`.
# `predict_blob` is the blob of the --predict file SNAPSHOTTED BEFORE EITHER ARM RAN
# (skeptic F1 on #1558); the 46 rows written before that column existed carry `-`
# and are unauditable on that axis — their `prediction` value is what the tool
# printed, not what a pre-registered file proves.
#
# APPEND-ONLY. A row is a measurement with a date; a newer round supersedes it by
# being newer, not by replacing it. `prediction` records whether the flip set the
# author wrote down BEFORE the run held — `refuted` rows are kept on purpose.
#
# utc	verdict	suite	suite_blob	subject	subject_blob	line	mode	line_text	case	head	prediction	predict_blob
2026-09-17T21:57:16Z	killed-by-assertion	monitor/watcher/test-mutation-gate-subject.sh	a01c920d6f3a9a41e1d4fb6b8f3c26619636a378	monitor/mutation-gate.sh	a6454632a33c4d800156f3e0cdea629c528a6b42	1197	if-false	if [ -n "$SUBJECT_ABS" ] && [ "$LOAD_WITNESS" = 1 ] && [ ! -s "$WORKDIR/witness" ]; then	§4 names the cause	d5874b2636422b8a4e752e7fc5e187cc8f50a851	confirmed	-
2026-09-17T21:57:16Z	killed-by-assertion	monitor/watcher/test-mutation-gate-subject.sh	a01c920d6f3a9a41e1d4fb6b8f3c26619636a378	monitor/mutation-gate.sh	a6454632a33c4d800156f3e0cdea629c528a6b42	1197	if-false	if [ -n "$SUBJECT_ABS" ] && [ "$LOAD_WITNESS" = 1 ] && [ ! -s "$WORKDIR/witness" ]; then	§4 refused BEFORE the mutant was built	d5874b2636422b8a4e752e7fc5e187cc8f50a851	confirmed	-
2026-09-17T21:58:14Z	killed-by-assertion	monitor/watcher/test-mutation-gate-subject.sh	a01c920d6f3a9a41e1d4fb6b8f3c26619636a378	monitor/mutation-gate.sh	a6454632a33c4d800156f3e0cdea629c528a6b42	1388	if-false	if [ -n "$SUBJECT_ABS" ] && [ ! -s "$WORKDIR/witness" ]; then	§4 …and the refusal names the MUTANT arm	d5874b2636422b8a4e752e7fc5e187cc8f50a851	confirmed	-
2026-09-17T21:58:14Z	killed-by-assertion	monitor/watcher/test-mutation-gate-subject.sh	a01c920d6f3a9a41e1d4fb6b8f3c26619636a378	monitor/mutation-gate.sh	a6454632a33c4d800156f3e0cdea629c528a6b42	1388	if-false	if [ -n "$SUBJECT_ABS" ] && [ ! -s "$WORKDIR/witness" ]; then	§4 the MUTANT arm skipping the subject is REFUSED (rc 3), though the baseline loaded it	d5874b2636422b8a4e752e7fc5e187cc8f50a851	confirmed	-
2026-09-17T21:58:14Z	killed-by-assertion	monitor/watcher/test-mutation-gate-subject.sh	a01c920d6f3a9a41e1d4fb6b8f3c26619636a378	monitor/mutation-gate.sh	a6454632a33c4d800156f3e0cdea629c528a6b42	1388	if-false	if [ -n "$SUBJECT_ABS" ] && [ ! -s "$WORKDIR/witness" ]; then	§4 …with no survivor verdict	d5874b2636422b8a4e752e7fc5e187cc8f50a851	confirmed	-
2026-09-17T21:59:26Z	killed-by-assertion	monitor/watcher/test-mutation-gate-subject.sh	a01c920d6f3a9a41e1d4fb6b8f3c26619636a378	monitor/mutation-gate.sh	a6454632a33c4d800156f3e0cdea629c528a6b42	1207	if-false	if [ -n "$PREDICT" ]; then	§3 …and says why	d5874b2636422b8a4e752e7fc5e187cc8f50a851	confirmed	-
2026-09-17T21:59:26Z	killed-by-assertion	monitor/watcher/test-mutation-gate-subject.sh	a01c920d6f3a9a41e1d4fb6b8f3c26619636a378	monitor/mutation-gate.sh	a6454632a33c4d800156f3e0cdea629c528a6b42	1207	if-false	if [ -n "$PREDICT" ]; then	§3 a prediction naming NO baseline case is REFUSED (rc 3), not vacuously confirmed	d5874b2636422b8a4e752e7fc5e187cc8f50a851	confirmed	-
2026-09-17T21:59:27Z	killed-by-assertion	monitor/watcher/test-mutation-gate-subject.sh	a01c920d6f3a9a41e1d4fb6b8f3c26619636a378	monitor/mutation-gate.sh	a6454632a33c4d800156f3e0cdea629c528a6b42	1207	if-false	if [ -n "$PREDICT" ]; then	§3 a prediction with no must-NOT-flip line is called out	d5874b2636422b8a4e752e7fc5e187cc8f50a851	confirmed	-
2026-09-17T21:59:27Z	killed-by-assertion	monitor/watcher/test-mutation-gate-subject.sh	a01c920d6f3a9a41e1d4fb6b8f3c26619636a378	monitor/mutation-gate.sh	a6454632a33c4d800156f3e0cdea629c528a6b42	1207	if-false	if [ -n "$PREDICT" ]; then	§3 …before any mutant ran	d5874b2636422b8a4e752e7fc5e187cc8f50a851	confirmed	-
2026-09-17T22:00:05Z	killed-by-assertion	monitor/watcher/test-mutation-gate-subject.sh	a01c920d6f3a9a41e1d4fb6b8f3c26619636a378	monitor/mutation-gate.sh	a6454632a33c4d800156f3e0cdea629c528a6b42	939	delete	[ "$PREDICTION_STATE" = refuted ] && exit 6	§3 a must-NOT-flip case that flipped is rc 6 too	d5874b2636422b8a4e752e7fc5e187cc8f50a851	confirmed	-
2026-09-17T22:00:05Z	killed-by-assertion	monitor/watcher/test-mutation-gate-subject.sh	a01c920d6f3a9a41e1d4fb6b8f3c26619636a378	monitor/mutation-gate.sh	a6454632a33c4d800156f3e0cdea629c528a6b42	939	delete	[ "$PREDICTION_STATE" = refuted ] && exit 6	§3 rc 6 (verdict rendered, prediction REFUTED)	d5874b2636422b8a4e752e7fc5e187cc8f50a851	confirmed	-
2026-09-17T22:22:14Z	killed-by-assertion	monitor/watcher/test-run-tests-runner-signal.sh	14ab7735a0a3652f23849bf6e6a2321c4146532b	monitor/watcher/run-tests.sh	f861457b85d46f4da3263db313d22e2969d8eaf7	2246	delete	trap '_rt_on_runner_signal TERM' TERM	§1 nothing was left running: every test that started also finished	d5874b2636422b8a4e752e7fc5e187cc8f50a851	confirmed	-
2026-09-17T22:22:14Z	killed-by-assertion	monitor/watcher/test-run-tests-runner-signal.sh	14ab7735a0a3652f23849bf6e6a2321c4146532b	monitor/watcher/run-tests.sh	f861457b85d46f4da3263db313d22e2969d8eaf7	2246	delete	trap '_rt_on_runner_signal TERM' TERM	§1 the LAST line is the END marker, and it says rc=4	d5874b2636422b8a4e752e7fc5e187cc8f50a851	confirmed	-
2026-09-17T22:22:14Z	killed-by-assertion	monitor/watcher/test-run-tests-runner-signal.sh	14ab7735a0a3652f23849bf6e6a2321c4146532b	monitor/watcher/run-tests.sh	f861457b85d46f4da3263db313d22e2969d8eaf7	2246	delete	trap '_rt_on_runner_signal TERM' TERM	§1 the cause is named BEFORE the accounting	d5874b2636422b8a4e752e7fc5e187cc8f50a851	confirmed	-
2026-09-17T22:22:14Z	killed-by-assertion	monitor/watcher/test-run-tests-runner-signal.sh	14ab7735a0a3652f23849bf6e6a2321c4146532b	monitor/watcher/run-tests.sh	f861457b85d46f4da3263db313d22e2969d8eaf7	2246	delete	trap '_rt_on_runner_signal TERM' TERM	§1 the runner exits 4 (NOT A VERDICT), not 143 and not 0	d5874b2636422b8a4e752e7fc5e187cc8f50a851	confirmed	-
2026-09-17T22:22:14Z	killed-by-assertion	monitor/watcher/test-run-tests-runner-signal.sh	14ab7735a0a3652f23849bf6e6a2321c4146532b	monitor/watcher/run-tests.sh	f861457b85d46f4da3263db313d22e2969d8eaf7	2246	delete	trap '_rt_on_runner_signal TERM' TERM	§1 the shortfall is named	d5874b2636422b8a4e752e7fc5e187cc8f50a851	confirmed	-
2026-09-17T22:22:15Z	killed-by-assertion	monitor/watcher/test-run-tests-runner-signal.sh	14ab7735a0a3652f23849bf6e6a2321c4146532b	monitor/watcher/run-tests.sh	f861457b85d46f4da3263db313d22e2969d8eaf7	2246	delete	trap '_rt_on_runner_signal TERM' TERM	§2 the LAST line is the END marker, rc=0	d5874b2636422b8a4e752e7fc5e187cc8f50a851	confirmed	-
2026-09-17T22:22:15Z	killed-by-assertion	monitor/watcher/test-run-tests-runner-signal.sh	14ab7735a0a3652f23849bf6e6a2321c4146532b	monitor/watcher/run-tests.sh	f861457b85d46f4da3263db313d22e2969d8eaf7	2246	delete	trap '_rt_on_runner_signal TERM' TERM	§2 the run completed, so it exits with the COMPLETE verdict (0)	d5874b2636422b8a4e752e7fc5e187cc8f50a851	confirmed	-
2026-09-17T22:22:15Z	killed-by-assertion	monitor/watcher/test-run-tests-runner-signal.sh	14ab7735a0a3652f23849bf6e6a2321c4146532b	monitor/watcher/run-tests.sh	f861457b85d46f4da3263db313d22e2969d8eaf7	2246	delete	trap '_rt_on_runner_signal TERM' TERM	§2 when the runner returns, NO dispatched test is still running (no orphans)	d5874b2636422b8a4e752e7fc5e187cc8f50a851	confirmed	-
2026-09-17T22:22:15Z	killed-by-assertion	monitor/watcher/test-run-tests-runner-signal.sh	14ab7735a0a3652f23849bf6e6a2321c4146532b	monitor/watcher/run-tests.sh	f861457b85d46f4da3263db313d22e2969d8eaf7	2246	delete	trap '_rt_on_runner_signal TERM' TERM	§2 …and says the signal arrived and was deferred	d5874b2636422b8a4e752e7fc5e187cc8f50a851	confirmed	-
2026-09-17T22:22:15Z	killed-by-assertion	monitor/watcher/test-run-tests-runner-signal.sh	14ab7735a0a3652f23849bf6e6a2321c4146532b	monitor/watcher/run-tests.sh	f861457b85d46f4da3263db313d22e2969d8eaf7	2246	delete	trap '_rt_on_runner_signal TERM' TERM	§3 the LAST line is the END marker, rc=4	d5874b2636422b8a4e752e7fc5e187cc8f50a851	confirmed	-
2026-09-17T22:22:15Z	killed-by-assertion	monitor/watcher/test-run-tests-runner-signal.sh	14ab7735a0a3652f23849bf6e6a2321c4146532b	monitor/watcher/run-tests.sh	f861457b85d46f4da3263db313d22e2969d8eaf7	2246	delete	trap '_rt_on_runner_signal TERM' TERM	§3 the runner exits 4 — before the fix it died 143 with the batch, silent	d5874b2636422b8a4e752e7fc5e187cc8f50a851	confirmed	-
2026-09-17T22:22:15Z	killed-by-assertion	monitor/watcher/test-run-tests-runner-signal.sh	14ab7735a0a3652f23849bf6e6a2321c4146532b	monitor/watcher/run-tests.sh	f861457b85d46f4da3263db313d22e2969d8eaf7	2246	delete	trap '_rt_on_runner_signal TERM' TERM	§3 the runner survived to say the sweep was interrupted	d5874b2636422b8a4e752e7fc5e187cc8f50a851	confirmed	-
2026-09-17T22:22:15Z	killed-by-assertion	monitor/watcher/test-run-tests-runner-signal.sh	14ab7735a0a3652f23849bf6e6a2321c4146532b	monitor/watcher/run-tests.sh	f861457b85d46f4da3263db313d22e2969d8eaf7	2246	delete	trap '_rt_on_runner_signal TERM' TERM	§3 …names it not-a-verdict	d5874b2636422b8a4e752e7fc5e187cc8f50a851	confirmed	-
2026-09-17T22:27:48Z	killed-by-assertion	monitor/watcher/test-cc-auto-update.sh	5506f6b9d471a9d249cf205cbeb928ad7f8bacb0	monitor/cc-auto-update-apply.sh	0b5d7ffd49059285fba1cf57eae714d0cb57a2a2	2538	subst	&& { (( GATE_DEFER_STREAK_CAP > 0 && streak >= GATE_DEFER_STREAK_CAP )) \	#1113: a PR under active review defers even at ZERO restart-path hits	d5874b2636422b8a4e752e7fc5e187cc8f50a851	refuted	-
2026-09-17T22:27:48Z	killed-by-assertion	monitor/watcher/test-cc-auto-update.sh	5506f6b9d471a9d249cf205cbeb928ad7f8bacb0	monitor/cc-auto-update-apply.sh	0b5d7ffd49059285fba1cf57eae714d0cb57a2a2	2538	subst	&& { (( GATE_DEFER_STREAK_CAP > 0 && streak >= GATE_DEFER_STREAK_CAP )) \	#1113: an unparseable updated-at is not 'old' — it defers, and says so	d5874b2636422b8a4e752e7fc5e187cc8f50a851	refuted	-
2026-09-17T22:27:48Z	killed-by-assertion	monitor/watcher/test-cc-auto-update.sh	5506f6b9d471a9d249cf205cbeb928ad7f8bacb0	monitor/cc-auto-update-apply.sh	0b5d7ffd49059285fba1cf57eae714d0cb57a2a2	2538	subst	&& { (( GATE_DEFER_STREAK_CAP > 0 && streak >= GATE_DEFER_STREAK_CAP )) \	#1414 POTENCY: a LIVE restart-path PR still defers (the arm reads the timestamp)	d5874b2636422b8a4e752e7fc5e187cc8f50a851	refuted	-
2026-09-17T22:27:48Z	killed-by-assertion	monitor/watcher/test-cc-auto-update.sh	5506f6b9d471a9d249cf205cbeb928ad7f8bacb0	monitor/cc-auto-update-apply.sh	0b5d7ffd49059285fba1cf57eae714d0cb57a2a2	2538	subst	&& { (( GATE_DEFER_STREAK_CAP > 0 && streak >= GATE_DEFER_STREAK_CAP )) \	#1414: an unanswerable age is NOT 'stale' — the hit stays live (fail-closed)	d5874b2636422b8a4e752e7fc5e187cc8f50a851	refuted	-
2026-09-17T22:27:49Z	killed-by-assertion	monitor/watcher/test-cc-auto-update.sh	5506f6b9d471a9d249cf205cbeb928ad7f8bacb0	monitor/cc-auto-update-apply.sh	0b5d7ffd49059285fba1cf57eae714d0cb57a2a2	2538	subst	&& { (( GATE_DEFER_STREAK_CAP > 0 && streak >= GATE_DEFER_STREAK_CAP )) \	#1438 gate × --no-orchestrator-restart: the gate STAYS (rc 30, no pin) — a watcher restart is still a restart	d5874b2636422b8a4e752e7fc5e187cc8f50a851	refuted	-
2026-09-17T22:27:49Z	killed-by-assertion	monitor/watcher/test-cc-auto-update.sh	5506f6b9d471a9d249cf205cbeb928ad7f8bacb0	monitor/cc-auto-update-apply.sh	0b5d7ffd49059285fba1cf57eae714d0cb57a2a2	2538	subst	&& { (( GATE_DEFER_STREAK_CAP > 0 && streak >= GATE_DEFER_STREAK_CAP )) \	#1492 O1: under the cap a proxy arm still DEFERS (4 fires, nothing bumped, no override row)	d5874b2636422b8a4e752e7fc5e187cc8f50a851	refuted	-
2026-09-17T22:27:49Z	killed-by-assertion	monitor/watcher/test-cc-auto-update.sh	5506f6b9d471a9d249cf205cbeb928ad7f8bacb0	monitor/cc-auto-update-apply.sh	0b5d7ffd49059285fba1cf57eae714d0cb57a2a2	2538	subst	&& { (( GATE_DEFER_STREAK_CAP > 0 && streak >= GATE_DEFER_STREAK_CAP )) \	#1492 O8: a deferral row carries the bound's own parameters (streak=1 vs defer_cap=99) — an unreachable cap is visible from decisions.tsv alone	d5874b2636422b8a4e752e7fc5e187cc8f50a851	refuted	-
2026-09-17T22:27:49Z	killed-by-assertion	monitor/watcher/test-cc-auto-update.sh	5506f6b9d471a9d249cf205cbeb928ad7f8bacb0	monitor/cc-auto-update-apply.sh	0b5d7ffd49059285fba1cf57eae714d0cb57a2a2	2538	subst	&& { (( GATE_DEFER_STREAK_CAP > 0 && streak >= GATE_DEFER_STREAK_CAP )) \	#1492 O9b (R1): a NOTIFICATION threshold of 1 does NOT move the safety cap — still 3, and the first deferral still DEFERS (rc=30)	d5874b2636422b8a4e752e7fc5e187cc8f50a851	refuted	-
2026-09-17T22:27:49Z	killed-by-assertion	monitor/watcher/test-cc-auto-update.sh	5506f6b9d471a9d249cf205cbeb928ad7f8bacb0	monitor/cc-auto-update-apply.sh	0b5d7ffd49059285fba1cf57eae714d0cb57a2a2	2538	subst	&& { (( GATE_DEFER_STREAK_CAP > 0 && streak >= GATE_DEFER_STREAK_CAP )) \	#1492 O9c: a configured cap of 1 is RAISED to the floor of 2 and the clamp is RECORDED (defer_cap_clamped=1) — clamped loudly, not silently	d5874b2636422b8a4e752e7fc5e187cc8f50a851	refuted	-
2026-09-17T22:27:49Z	killed-by-assertion	monitor/watcher/test-cc-auto-update.sh	5506f6b9d471a9d249cf205cbeb928ad7f8bacb0	monitor/cc-auto-update-apply.sh	0b5d7ffd49059285fba1cf57eae714d0cb57a2a2	2538	subst	&& { (( GATE_DEFER_STREAK_CAP > 0 && streak >= GATE_DEFER_STREAK_CAP )) \	D13 O2: an expired PROXY veto CLEARS the gate (rc=0, pin moved) — the busy windows are RECORDED, no board arm defers	d5874b2636422b8a4e752e7fc5e187cc8f50a851	refuted	-
2026-09-17T22:27:49Z	killed-by-assertion	monitor/watcher/test-cc-auto-update.sh	5506f6b9d471a9d249cf205cbeb928ad7f8bacb0	monitor/cc-auto-update-apply.sh	0b5d7ffd49059285fba1cf57eae714d0cb57a2a2	2538	subst	&& { (( GATE_DEFER_STREAK_CAP > 0 && streak >= GATE_DEFER_STREAK_CAP )) \	open restart-path PR → apply deferred (rc 30, nothing mutated, PR recorded)	d5874b2636422b8a4e752e7fc5e187cc8f50a851	refuted	-
2026-09-17T22:52:26Z	killed-by-assertion	monitor/watcher/test-integration/test-realmodel-trust-dialog.sh	fc816b9b634f035900d7ce46ff2571901cf4bd15	monitor/paste-followup.sh	e9409b68b76ef02e46e5f10319180d57502f5ce3	900	subst	_ovl_line=$("$_ovl_bin" "$_ovl_key" 2>/dev/null) || _ovl_line=""	1b paste-followup REFUSES a pane sitting on the real trust dialog (rc 1)	d5874b2636422b8a4e752e7fc5e187cc8f50a851	refuted	-
2026-09-17T22:52:26Z	killed-by-assertion	monitor/watcher/test-integration/test-realmodel-trust-dialog.sh	fc816b9b634f035900d7ce46ff2571901cf4bd15	monitor/paste-followup.sh	e9409b68b76ef02e46e5f10319180d57502f5ce3	900	subst	_ovl_line=$("$_ovl_bin" "$_ovl_key" 2>/dev/null) || _ovl_line=""	1b the pane SURVIVED: still classified blocked on the dialog	d5874b2636422b8a4e752e7fc5e187cc8f50a851	refuted	-
2026-09-17T22:52:26Z	killed-by-assertion	monitor/watcher/test-integration/test-realmodel-trust-dialog.sh	fc816b9b634f035900d7ce46ff2571901cf4bd15	monitor/paste-followup.sh	e9409b68b76ef02e46e5f10319180d57502f5ce3	900	subst	_ovl_line=$("$_ovl_bin" "$_ovl_key" 2>/dev/null) || _ovl_line=""	1b …and names the overlay the REAL classifier saw	d5874b2636422b8a4e752e7fc5e187cc8f50a851	refuted	-
2026-09-17T22:52:26Z	killed-by-assertion	monitor/watcher/test-integration/test-realmodel-trust-dialog.sh	fc816b9b634f035900d7ce46ff2571901cf4bd15	monitor/paste-followup.sh	e9409b68b76ef02e46e5f10319180d57502f5ce3	900	subst	_ovl_line=$("$_ovl_bin" "$_ovl_key" 2>/dev/null) || _ovl_line=""	1b …and without stamping the machine-input ledger (refused BEFORE the stamp)	d5874b2636422b8a4e752e7fc5e187cc8f50a851	refuted	-
2026-09-17T22:52:26Z	killed-by-assertion	monitor/watcher/test-integration/test-realmodel-trust-dialog.sh	fc816b9b634f035900d7ce46ff2571901cf4bd15	monitor/paste-followup.sh	e9409b68b76ef02e46e5f10319180d57502f5ce3	900	subst	_ovl_line=$("$_ovl_bin" "$_ovl_key" 2>/dev/null) || _ovl_line=""	1b …without claiming a paste	d5874b2636422b8a4e752e7fc5e187cc8f50a851	refuted	-
2026-09-17T22:53:41Z	killed-by-assertion	monitor/watcher/test-integration/test-realmodel-trust-dialog.sh	e69caa009426eb303ea3582ccc353153cd88d761	monitor/paste-followup.sh	e9409b68b76ef02e46e5f10319180d57502f5ce3	900	subst	_ovl_line=$("$_ovl_bin" "$_ovl_key" 2>/dev/null) || _ovl_line=""	1b paste-followup REFUSES a pane sitting on the real trust dialog (rc 1)	d5874b2636422b8a4e752e7fc5e187cc8f50a851	confirmed	-
2026-09-17T22:53:41Z	killed-by-assertion	monitor/watcher/test-integration/test-realmodel-trust-dialog.sh	e69caa009426eb303ea3582ccc353153cd88d761	monitor/paste-followup.sh	e9409b68b76ef02e46e5f10319180d57502f5ce3	900	subst	_ovl_line=$("$_ovl_bin" "$_ovl_key" 2>/dev/null) || _ovl_line=""	1b the pane SURVIVED: still classified blocked on the dialog	d5874b2636422b8a4e752e7fc5e187cc8f50a851	confirmed	-
2026-09-17T22:53:41Z	killed-by-assertion	monitor/watcher/test-integration/test-realmodel-trust-dialog.sh	e69caa009426eb303ea3582ccc353153cd88d761	monitor/paste-followup.sh	e9409b68b76ef02e46e5f10319180d57502f5ce3	900	subst	_ovl_line=$("$_ovl_bin" "$_ovl_key" 2>/dev/null) || _ovl_line=""	1b …and names the overlay the REAL classifier saw	d5874b2636422b8a4e752e7fc5e187cc8f50a851	confirmed	-
2026-09-17T22:53:41Z	killed-by-assertion	monitor/watcher/test-integration/test-realmodel-trust-dialog.sh	e69caa009426eb303ea3582ccc353153cd88d761	monitor/paste-followup.sh	e9409b68b76ef02e46e5f10319180d57502f5ce3	900	subst	_ovl_line=$("$_ovl_bin" "$_ovl_key" 2>/dev/null) || _ovl_line=""	1b …and tmux reports the pane ALIVE (pane_dead=0) — a retained last frame would not	d5874b2636422b8a4e752e7fc5e187cc8f50a851	confirmed	-
2026-09-17T22:53:41Z	killed-by-assertion	monitor/watcher/test-integration/test-realmodel-trust-dialog.sh	e69caa009426eb303ea3582ccc353153cd88d761	monitor/paste-followup.sh	e9409b68b76ef02e46e5f10319180d57502f5ce3	900	subst	_ovl_line=$("$_ovl_bin" "$_ovl_key" 2>/dev/null) || _ovl_line=""	1b …and without stamping the machine-input ledger (refused BEFORE the stamp)	d5874b2636422b8a4e752e7fc5e187cc8f50a851	confirmed	-
2026-09-17T22:53:41Z	killed-by-assertion	monitor/watcher/test-integration/test-realmodel-trust-dialog.sh	e69caa009426eb303ea3582ccc353153cd88d761	monitor/paste-followup.sh	e9409b68b76ef02e46e5f10319180d57502f5ce3	900	subst	_ovl_line=$("$_ovl_bin" "$_ovl_key" 2>/dev/null) || _ovl_line=""	1b …without claiming a paste	d5874b2636422b8a4e752e7fc5e187cc8f50a851	confirmed	-
